filename,notes,authors,licenses,urls
shadow/adult/shadow.png,"","drjamgo@hotmail.com","CC0","https://opengameart.org/content/shadow-for-lpc-sprite"
body/bodies/male/light.png,"see details at https://opengameart.org/content/lpc-character-bases; 'Thick' Male Revised Run/Climb by JaidynReiman (based on ElizaWy's LPC Revised)","bluecarrot16,JaidynReiman,Benjamin K. Smith (BenCreating),Evert,Eliza Wyatt (ElizaWy),TheraHedwig,MuffinElZangano,Durrani,Johannes Sjölund (wulax),Stephen Challener (Redshrike)","OGA-BY 3.0,CC-BY-SA 3.0,GPL 3.0","https://opengameart.org/content/liberated-pixel-cup-lpc-base-assets-sprites-map-tiles,https://opengameart.org/content/lpc-medieval-fantasy-character-sprites,https://opengameart.org/content/lpc-male-jumping-animation-by-durrani,https://opengameart.org/content/lpc-runcycle-and-diagonal-walkcycle,https://opengameart.org/content/lpc-revised-character-basics,https://opengameart.org/content/lpc-be-seated,https://opengameart.org/content/lpc-runcycle-for-male-muscular-and-pregnant-character-bases-with-modular-heads,https://opengameart.org/content/lpc-jump-expanded,https://opengameart.org/content/lpc-character-bases"
head/heads/human/male/light.png,"original head by Redshrike, tweaks by BenCreating, modular version by bluecarrot16","bluecarrot16,Benjamin K. Smith (BenCreating),Stephen Challener (Redshrike)","OGA-BY 3.0,CC-BY-SA 3.0,GPL 3.0","https://opengameart.org/content/liberated-pixel-cup-lpc-base-assets-sprites-map-tiles,https://opengameart.org/content/lpc-character-bases"
hat/helmet/bascinet_round/adult/steel.png,"Original Bascinet Round by ElizaWy/Bluecarrot16, split from visor and base Bascinet by JaidynReiman","bluecarrot16,JaidynReiman,ElizaWy,Sander Frenken (castelonia)","OGA-BY 3.0,CC-BY-SA 4.0,CC-BY-SA 3.0,GPL 3.0","https://opengameart.org/content/lpc-realistic-helmet-pack,https://opengameart.org/content/lpc-helmets-mega-pack,https://opengameart.org/content/lpc-expanded-hats-facial-helmets"
arms/armour/plate/male/silver.png,"original by wulax, recolors by bigbeargames; adapted to v3 bases and further recolors by bluecarrot16","Michael Whitlock (bigbeargames),Matthew Krohn (makrohn),Johannes Sjölund (wulax)","OGA-BY 3.0,CC-BY-SA 3.0,GPL 3.0","https://opengameart.org/content/lpc-medieval-fantasy-character-sprites,http://opengameart.org/content/lpc-clothing-updates"
torso/clothes/shortsleeve/shortsleeve/male/white.png,"original by ElizaWy walkcycle only; extended to all animations by adapting from longsleeve, edited to v3 bases by bluecarrot16","bluecarrot16,ElizaWy,Stephen Challener (Redshrike)","OGA-BY 3.0,CC-BY-SA 3.0,GPL 3.0","https://opengameart.org/content/liberated-pixel-cup-lpc-base-assets-sprites-map-tiles,http://opengameart.org/content/lpc-revised-character-basics,http://opengameart.org/content/lpc-clothing-updates"
torso/armour/plate/male/steel.png,"original by wulax, recolor by bigbeargames, color reduced to 7 colors and adapted to v3 bases by bluecarrot16, run/jump/sit/climb/revised combat by JaidynReiman","JaidynReiman, bluecarrot16, Michael Whitlock (bigbeargames), Johannes Sjölund (wulax)","OGA-BY 3.0,CC-BY-SA 3.0,GPL 3.0","https://opengameart.org/content/lpc-medieval-fantasy-character-sprites,https://opengameart.org/content/lpc-combat-armor-for-women"
legs/armour/plate/male/silver.png,"reduced to 7 colors an adapted to v3 bases by bluecarrot16, climb/jump/sit/emotes by JaidynReiman","bluecarrot16,JaidynReiman,Michael Whitlock (bigbeargames),Matthew Krohn (makrohn),Johannes Sjölund (wulax)","OGA-BY 3.0,CC-BY-SA 3.0,GPL 3.0","https://opengameart.org/content/lpc-medieval-fantasy-character-sprites"
feet/armour/plate/male/steel.png,"original by wulax, recolors by bigbeargames, edits for v3 base and recolors by bluecarrot16","Matthew Krohn (makrohn),Johannes Sjölund (wulax)","OGA-BY 3.0,CC-BY-SA 3.0,GPL 3.0","https://opengameart.org/content/lpc-medieval-fantasy-character-sprites"
shield/male/crusader.png,"","bluecarrot16,Sander Frenken (castelonia)","OGA-BY 3.0","https://opengameart.org/content/lpc-shields"
weapon/sword/longsword/longsword.png,"","Johannes Sjölund (wulax),bluecarrot16","OGA-BY 3.0,CC-BY-SA 3.0","https://opengameart.org/content/lpc-medieval-fantasy-character-sprites,https://opengameart.org/content/lpc-extended-weapon-animations"
weapon/sword/longsword/universal_behind/longsword.png,"","Johannes Sjölund (wulax),bluecarrot16","OGA-BY 3.0,CC-BY-SA 3.0","https://opengameart.org/content/lpc-medieval-fantasy-character-sprites,https://opengameart.org/content/lpc-extended-weapon-animations"
weapon/sword/longsword/attack_slash/behind/longsword.png,"","Johannes Sjölund (wulax),bluecarrot16","OGA-BY 3.0,CC-BY-SA 3.0","https://opengameart.org/content/lpc-medieval-fantasy-character-sprites,https://opengameart.org/content/lpc-extended-weapon-animations"
weapon/sword/longsword/attack_slash/longsword.png,"","Johannes Sjölund (wulax),bluecarrot16","OGA-BY 3.0,CC-BY-SA 3.0","https://opengameart.org/content/lpc-medieval-fantasy-character-sprites,https://opengameart.org/content/lpc-extended-weapon-animations"
weapon/sword/longsword/attack_slash_reverse/behind/longsword.png,"","Johannes Sjölund (wulax),bluecarrot16","OGA-BY 3.0,CC-BY-SA 3.0","https://opengameart.org/content/lpc-medieval-fantasy-character-sprites,https://opengameart.org/content/lpc-extended-weapon-animations"
weapon/sword/longsword/attack_slash_reverse/longsword.png,"","Johannes Sjölund (wulax),bluecarrot16","OGA-BY 3.0,CC-BY-SA 3.0","https://opengameart.org/content/lpc-medieval-fantasy-character-sprites,https://opengameart.org/content/lpc-extended-weapon-animations"
weapon/sword/longsword/attack_thrust/behind/longsword.png,"","Johannes Sjölund (wulax),bluecarrot16","OGA-BY 3.0,CC-BY-SA 3.0","https://opengameart.org/content/lpc-medieval-fantasy-character-sprites,https://opengameart.org/content/lpc-extended-weapon-animations"
weapon/sword/longsword/attack_thrust/longsword.png,"","Johannes Sjölund (wulax),bluecarrot16","OGA-BY 3.0,CC-BY-SA 3.0","https://opengameart.org/content/lpc-medieval-fantasy-character-sprites,https://opengameart.org/content/lpc-extended-weapon-animations"
